{"count":1,"self":34.794387199999996,"total":370.4878101,"children":{"AgentSendState":{"count":83667,"self":12.328251999999999,"total":29.1180067,"children":{"CollectObservations":{"count":502020,"self":3.9746992,"total":3.9746989999999998,"children":null},"CollectDiscreteActionMasks":{"count":502020,"self":2.3773785999999997,"total":2.3773785999999997,"children":null},"AgentInfo.ToProto":{"count":502020,"self":5.8521164,"total":10.4376769,"children":{"GenerateSensorData":{"count":502020,"self":4.5855603999999994,"total":4.5855603999999994,"children":null}}}}},"DecideAction":{"count":83667,"self":304.5003776,"total":304.50037929999996,"children":null},"AgentAct":{"count":83667,"self":1.6873828,"total":2.0652148,"children":{"AgentInfo.ToProto":{"count":15561,"self":0.2112359,"total":0.377832,"children":{"GenerateSensorData":{"count":15561,"self":0.1665961,"total":0.1665961,"children":null}}}}},"AgentInfo.ToProto":{"count":254,"self":0.0068325999999999994,"total":0.0088274,"children":{"GenerateSensorData":{"count":254,"self":0.0019947999999999997,"total":0.0019947999999999997,"children":null}}}},"gauges":{"3DBallCircles.CumulativeReward":{"count":15815,"max":9.600022,"min":-5.05,"runningAverage":-3.67749953,"value":-5,"weightedAverage":-3.61567736}},"metadata":{"timer_format_version":"0.1.0","start_time_seconds":"1605731482","unity_version":"2019.4.12f1","command_line_arguments":"E:\\Program Files\\Unity Versions\\2019.4.12f1\\Editor\\Unity.exe -projectpath E:\/Users\/adria\/unity-workspace\/MLAgentCofC -useHub -hubIPC -cloudEnvironment production -hubSessionId e4029740-29d5-11eb-ba6e-eba2ddedabc4 -accessToken v4DBbWMk8glHn18EQ1MgZJVOveo1QVC8cEU9d5o-jS0012f","communication_protocol_version":"1.0.0","com.unity.ml-agents_version":"1.0.5","scene_name":"SampleScene","end_time_seconds":"1605731853"}}